{"ProjectWatches":"{\"Value\":[{\"Id\":\"f4617285-1c67-48b1-8246-7a659aaa80d9\",\"Expression\":\"in_Config(\\\"OutlookEmail_Credentials\\\").ToString\"},{\"Id\":\"5520b12f-84aa-412a-a3e7-59f2b5ac1ee4\",\"Expression\":\"list_OutlookMsgs.Count\"},{\"Id\":\"f1ee1e48-7ade-493c-add0-7e812c0b9632\",\"Expression\":\"list_OutlookMsgs\"},{\"Id\":\"ea376f16-52b6-47d7-89c9-fbf6758c45f9\",\"Expression\":\"in_Config(\\\"Outlook_Email_Subject\\\").ToString\"},{\"Id\":\"8c991fa8-2f29-4fd8-b0bf-c3733700ed1f\",\"Expression\":\"row.Item(0).ToString\"},{\"Id\":\"d68fdbf3-0ba9-4933-9cd8-5d28e67d2d1d\",\"Expression\":\"item.From.DisplayName\"}]}","LibraryProjectSettings":"{\"IncludeSourcesByDefault\":true,\"DefaultActivitiesRootCategories\":[null]}","OpenedDocuments":"[\"Framework/InitAllApplications.xaml\",\"Main.xaml\"]","ProjectBreakpoints":"{\"Value\":{\"Framework/InitAllApplications.xaml\":[{\"ConditionalExpression\":null,\"ActionExpression\":null,\"ExpectedHitCounter\":null,\"ShouldContinueAfterAction\":false,\"IsEnabled\":false,\"ActivityIdRef\":\"LogMessage_1\",\"ActivityId\":\"1.129\",\"ActivityName\":\"Log App Initialization message\"},{\"ConditionalExpression\":null,\"ActionExpression\":null,\"ExpectedHitCounter\":null,\"ShouldContinueAfterAction\":false,\"IsEnabled\":false,\"ActivityIdRef\":\"If_11\",\"ActivityId\":\"1.13\",\"ActivityName\":\"If Cusotmer ID matches Email From\"},{\"ConditionalExpression\":null,\"ActionExpression\":null,\"ExpectedHitCounter\":null,\"ShouldContinueAfterAction\":false,\"IsEnabled\":false,\"ActivityIdRef\":\"LogMessage_4\",\"ActivityId\":\"1.142\",\"ActivityName\":\"Log Message\"},{\"ConditionalExpression\":null,\"ActionExpression\":null,\"ExpectedHitCounter\":null,\"ShouldContinueAfterAction\":false,\"IsEnabled\":false,\"ActivityIdRef\":\"TryCatch_1\",\"ActivityId\":\"1.132\",\"ActivityName\":\"Try Catch Login to IMAP\"}],\"Main.xaml\":[{\"ConditionalExpression\":null,\"ActionExpression\":null,\"ExpectedHitCounter\":null,\"ShouldContinueAfterAction\":false,\"IsEnabled\":true,\"ActivityIdRef\":\"If_8\",\"ActivityId\":\"1.143\",\"ActivityName\":\"Should Stop or Get Next\"}]}}"}